L0,nombre,T_axial,ganancia_espectral
1,cuerda3,1.0,4680.7229982211265
5,cuerda3,1.0,949.6176627586564
10,cuerda5,1.0,387.89582016591504
25,cuerda5,9.0,165.6624150544297
50,cuerda5,5.0,74.35504713874613
75,cuerda3,14.0,57.36979188649281
100,cuerda5,6.0,38.41664911725145
